iter	MultiRMSE
0	12.46347873
1000	1.00480273
2000	0.8990818111
3000	0.8500160744
4000	0.8200368634
4999	0.7997901567
