iter	MultiRMSE
0	13.13939316
1000	1.089952194
2000	0.95638304
3000	0.8939391516
4000	0.8546564617
